Ten_Bai,Purchase_Year,Purchase_Month,Total_Orders
Bài 4 - Phân tích số lượng đơn hàng theo năm và tháng đặt hàng,2022,12,1
Bài 4 - Phân tích số lượng đơn hàng theo năm và tháng đặt hàng,2022,10,324
Bài 4 - Phân tích số lượng đơn hàng theo năm và tháng đặt hàng,2022,9,4
Bài 4 - Phân tích số lượng đơn hàng theo năm và tháng đặt hàng,2023,12,5673
Bài 4 - Phân tích số lượng đơn hàng theo năm và tháng đặt hàng,2023,11,7544
Bài 4 - Phân tích số lượng đơn hàng theo năm và tháng đặt hàng,2023,10,4631
Bài 4 - Phân tích số lượng đơn hàng theo năm và tháng đặt hàng,2023,9,4285
Bài 4 - Phân tích số lượng đơn hàng theo năm và tháng đặt hàng,2023,8,4331
Bài 4 - Phân tích số lượng đơn hàng theo năm và tháng đặt hàng,2023,7,4026
Bài 4 - Phân tích số lượng đơn hàng theo năm và tháng đặt hàng,2023,6,3245
Bài 4 - Phân tích số lượng đơn hàng theo năm và tháng đặt hàng,2023,5,3700
Bài 4 - Phân tích số lượng đơn hàng theo năm và tháng đặt hàng,2023,4,2404
Bài 4 - Phân tích số lượng đơn hàng theo năm và tháng đặt hàng,2023,3,2682
Bài 4 - Phân tích số lượng đơn hàng theo năm và tháng đặt hàng,2023,2,1780
Bài 4 - Phân tích số lượng đơn hàng theo năm và tháng đặt hàng,2023,1,800
Bài 4 - Phân tích số lượng đơn hàng theo năm và tháng đặt hàng,2024,10,4
Bài 4 - Phân tích số lượng đơn hàng theo năm và tháng đặt hàng,2024,9,16
Bài 4 - Phân tích số lượng đơn hàng theo năm và tháng đặt hàng,2024,8,6512
Bài 4 - Phân tích số lượng đơn hàng theo năm và tháng đặt hàng,2024,7,6292
Bài 4 - Phân tích số lượng đơn hàng theo năm và tháng đặt hàng,2024,6,6167
Bài 4 - Phân tích số lượng đơn hàng theo năm và tháng đặt hàng,2024,5,6873
Bài 4 - Phân tích số lượng đơn hàng theo năm và tháng đặt hàng,2024,4,6939
Bài 4 - Phân tích số lượng đơn hàng theo năm và tháng đặt hàng,2024,3,7211
Bài 4 - Phân tích số lượng đơn hàng theo năm và tháng đặt hàng,2024,2,6728
Bài 4 - Phân tích số lượng đơn hàng theo năm và tháng đặt hàng,2024,1,7269
